スコア,ソース,タイトル,URL,カテゴリ,エンゲージメント
60,reddit,What do you think will immediately happen when everyone receives the push notification that Trump died?,https://www.reddit.com/r/AskReddit/comments/1s4wu11/what_do_you_think_will_immediately_happen_when/,r/AskReddit,upvotes:17351 comments:6798
60,reddit,If you woke up a billionaire tomorrow.. What's the 1st thing you'd do?,https://www.reddit.com/r/AskReddit/comments/1s4iay5/if_you_woke_up_a_billionaire_tomorrow_whats_the/,r/AskReddit,upvotes:5338 comments:8159
53,reddit,"Did everyone forget about the Trump-Epstein™ Files, and why?",https://www.reddit.com/r/AskReddit/comments/1s4ty58/did_everyone_forget_about_the_trumpepstein_files/,r/AskReddit,upvotes:4022 comments:456
51,reddit,"People of reddit, whats something strange that you find attractive in partners (not necessarily nsfw)?",https://www.reddit.com/r/AskReddit/comments/1s4lcbd/people_of_reddit_whats_something_strange_that_you/,r/AskReddit,upvotes:3707 comments:1203
49,reddit,AITA for taking a college fund form my grandparent even tho  they called my mother a whore,https://www.reddit.com/r/AmItheAsshole/comments/1s4ga5k/aita_for_taking_a_college_fund_form_my/,r/AmItheAsshole,upvotes:3451 comments:686
47,reddit,What is the worst breakup with someone you dated?,https://www.reddit.com/r/AskReddit/comments/1s4cvnt/what_is_the_worst_breakup_with_someone_you_dated/,r/AskReddit,upvotes:3136 comments:1308
44,reddit,AITA for eating what I want when the rest of my family is on a diet?,https://www.reddit.com/r/AmItheAsshole/comments/1s52e25/aita_for_eating_what_i_want_when_the_rest_of_my/,r/AmItheAsshole,upvotes:2673 comments:379
36,reddit,AITA for not wanting my schizophrenic sister living with me even tho I have the space?,https://www.reddit.com/r/AmItheAsshole/comments/1s4gkcx/aita_for_not_wanting_my_schizophrenic_sister/,r/AmItheAsshole,upvotes:1708 comments:290
35,reddit,What’s something most people think is harmless but actually slowly ruins their life?,https://www.reddit.com/r/AskReddit/comments/1s4rd6v/whats_something_most_people_think_is_harmless_but/,r/AskReddit,upvotes:1649 comments:581
34,reddit,Who would celebrate if Trump were removed from office?,https://www.reddit.com/r/AskReddit/comments/1s5da7y/who_would_celebrate_if_trump_were_removed_from/,r/AskReddit,upvotes:1598 comments:1658
33,reddit,What was the most inappropriate thing you said as a child not understanding what it meant?,https://www.reddit.com/r/AskReddit/comments/1s4o2wp/what_was_the_most_inappropriate_thing_you_said_as/,r/AskReddit,upvotes:1533 comments:2400
27,reddit,A knife-wielding man kills a woman at a Tokyo Pokemon shop before taking his own life,https://www.reddit.com/r/japan/comments/1s4o6bt/a_knifewielding_man_kills_a_woman_at_a_tokyo/,r/japan,upvotes:1052 comments:177
27,reddit,Has anyone ever been bribed from your partners parent in order to break up? If so what happened?,https://www.reddit.com/r/AskReddit/comments/1s50672/has_anyone_ever_been_bribed_from_your_partners/,r/AskReddit,upvotes:1044 comments:219
27,reddit,"If you woke up being 21 again, what would you do?",https://www.reddit.com/r/AskReddit/comments/1s4slzk/if_you_woke_up_being_21_again_what_would_you_do/,r/AskReddit,upvotes:1081 comments:1751
26,reddit,AITA for refusing to accommodate my neighbor's aesthetic preferences?,https://www.reddit.com/r/AmItheAsshole/comments/1s57oc3/aita_for_refusing_to_accommodate_my_neighbors/,r/AmItheAsshole,upvotes:1007 comments:160
26,reddit,AITA for not allowing my sister to move in with me?,https://www.reddit.com/r/AmItheAsshole/comments/1s4ub1o/aita_for_not_allowing_my_sister_to_move_in_with_me/,r/AmItheAsshole,upvotes:965 comments:165
24,reddit,"What is a 'socially mandatory' thing that we all do, but if you actually stop to think about it for 5 seconds, it’s completely insane?",https://www.reddit.com/r/AskReddit/comments/1s5cffe/what_is_a_socially_mandatory_thing_that_we_all_do/,r/AskReddit,upvotes:843 comments:1057
23,reddit,AITA for blocking my neighbors car with my garbage,https://www.reddit.com/r/AmItheAsshole/comments/1s4wd76/aita_for_blocking_my_neighbors_car_with_my_garbage/,r/AmItheAsshole,upvotes:776 comments:94
22,reddit,Beloved station melodies fade as East Japan Railway pursues cost cuts,https://www.reddit.com/r/japan/comments/1s3xf1c/beloved_station_melodies_fade_as_east_japan/,r/japan,upvotes:666 comments:106
21,reddit,What’s the wildest thing you’ve ever done online?,https://www.reddit.com/r/AskReddit/comments/1s51wsn/whats_the_wildest_thing_youve_ever_done_online/,r/AskReddit,upvotes:579 comments:518
21,reddit,"Middle-aged people, what advice would you give a young person to avoid going through mid-life crisis later in life?",https://www.reddit.com/r/AskReddit/comments/1s4zdrx/middleaged_people_what_advice_would_you_give_a/,r/AskReddit,upvotes:609 comments:345
20,chiebukuro,男性に質問です。 めっちゃ清楚系な彼女が付き合う前まで遊んでいたということを知ったらショック受けますか？,https://detail.chiebukuro.yahoo.co.jp/qa/question_detail/q14326681684,恋愛相談,answers:3
20,chiebukuro,遊んだ女がヤバい奴だったんです、、 当方男。 先日、元職場の同僚の年上女と遊ぶことになったんです。 （誘ってきたのは相手） 最初車で迎えに来てくれて、どこで遊ぶか決まってなくて、そのまま車走ら...,https://detail.chiebukuro.yahoo.co.jp/qa/question_detail/q10326682315,生き方と恋愛、人間関係の悩み,answers:4
20,chiebukuro,遊んだ女がヤバい奴だったんです、、 当方男。 先日、元職場の同僚の年上女と遊ぶことになったんです。 （誘ってきたのは相手） 最初車で迎えに来てくれて、どこで遊ぶか決まってなくて、そのまま車走ら...,https://detail.chiebukuro.yahoo.co.jp/qa/question_detail/q10326682315,職場の悩み,answers:4
20,chiebukuro,3月になると必ず蘇る記憶があります。 子どもの頃泣くと親に笑われていました。 テレビや感動する場面を見て泣くと、母に笑われました。 それ以降どんな時も親の前で泣けなくなりました。人前で泣く事が...,https://detail.chiebukuro.yahoo.co.jp/qa/question_detail/q11326681816,家族関係の悩み,answers:4
20,chiebukuro,18歳春から大学生の者です。両親の怒り方・説得方法にずっと疑問を抱いてます。母親も父親もちゃんとした会議ができない人で母親の場合ヒスりまくります。酷い時は家出するなどと言いだします。 父親はすぐ...,https://detail.chiebukuro.yahoo.co.jp/qa/question_detail/q11326681591,家族関係の悩み,answers:3
20,chiebukuro,実家でバレずに紙タバコを吸う方法もしくは喫煙者であることを親に認めてもらう方法ってありますか？ ※百害あって一利なしなのは分かった上でそれでもタバコの匂いと味が好きで吸ってるので、禁煙を勧める回...,https://detail.chiebukuro.yahoo.co.jp/qa/question_detail/q12326681517,家族関係の悩み,answers:4
20,reddit,"""Go back to your own country!"" Bullying of foreigners by elementary school students is rampant... Is the spread of a misguided ""Japanese First"" mentality the cause? ""Some children are motivated by a misguided sense of justice,"" experts point out.",https://www.reddit.com/r/japan/comments/1s51gl0/go_back_to_your_own_country_bullying_of/,r/japan,upvotes:571 comments:135
20,reddit,AITA for supposedly being a “creep” to my boy best friend?,https://www.reddit.com/r/AmItheAsshole/comments/1s55fca/aita_for_supposedly_being_a_creep_to_my_boy_best/,r/AmItheAsshole,upvotes:505 comments:119
20,reddit,AITA for not letting my roommate's friend in?,https://www.reddit.com/r/AmItheAsshole/comments/1s4oryv/aita_for_not_letting_my_roommates_friend_in/,r/AmItheAsshole,upvotes:551 comments:63
10,chiebukuro,二年半お付き合いしていた大好きな彼と、別れることになりました。 職場で適応障害になり休職していたのですが、その際彼の優しさに甘えすぎた行動（元彼に浮気されたトラウマで疑ったり不安になったり）を取...,https://detail.chiebukuro.yahoo.co.jp/qa/question_detail/q12326682262,恋愛相談,answers:6
10,chiebukuro,男性に「また連絡する おやすみ（寝てる絵文字）」と送って同じ絵文字1つだけ返ってくるのは脈無しですか？,https://detail.chiebukuro.yahoo.co.jp/qa/question_detail/q13326682043,恋愛相談,answers:3
10,chiebukuro,彼氏の未読無視で別れるのは些細すぎますか？ 彼氏が私のこと大好きみたいな感じなので、未読無視するということがなんか怖いです。もちろん彼も人なので、めんどくさいとかいう気持ちがあるのはわかります。...,https://detail.chiebukuro.yahoo.co.jp/qa/question_detail/q11326681951,恋愛相談,answers:6
10,chiebukuro,私には好きな人がいるんですけど、どうやったら付き合えると思いますか？ 友達以上恋人未満って感じでしてること自体は恋人とほぼ変わらないと思います ただ一向に告白してくれません、濁されてます 私は普...,https://detail.chiebukuro.yahoo.co.jp/qa/question_detail/q11326681296,恋愛相談,answers:4
10,chiebukuro,緊急！ もし婚約者が勝手にローンを組んで、彼女に相談もなしに払えなくなって自己破産してたら、どうしますか？,https://detail.chiebukuro.yahoo.co.jp/qa/question_detail/q14326681229,恋愛相談,answers:6
10,chiebukuro,背が低いと何をやっても無駄ですよね？ 男でチビなんですが彼女が欲しくて色々頑張ったんですが無駄でした。 髪型はパーマをかけたほうがいいみたいだから、後ろに流す感じのパーマをかけて前髪を分けるよう...,https://detail.chiebukuro.yahoo.co.jp/qa/question_detail/q11326681101,恋愛相談,answers:6
10,chiebukuro,彼氏に付き合ってから好きと言われてないと言われました。言えばいいと思うのかもしれませんが、自分が言ってる姿を想像すると恥ずかしくなります。プライドが邪魔しているのかも知れません。 今までも元彼数...,https://detail.chiebukuro.yahoo.co.jp/qa/question_detail/q11326681036,恋愛相談,answers:5
10,chiebukuro,至急です 50代の女性や男性は恋愛感情をもつことがありますか？,https://detail.chiebukuro.yahoo.co.jp/qa/question_detail/q12326680997,恋愛相談,answers:4
10,chiebukuro,結婚を考えていない彼氏と、今すぐ別れるべきか悩んでいます。 現在、田舎の大学に通う大学生です。彼は同じ大学の同級生で、私は卒業後就職、彼氏は大学近くの実家で家業を継ぐ予定です。 私は彼との結婚...,https://detail.chiebukuro.yahoo.co.jp/qa/question_detail/q14326680804,恋愛相談,answers:4
10,chiebukuro,簡潔に行きます 僕は彼女と別れたのですがお互いが好きでまた付き合いました しかしまた別れてしまい、1ヶ月くらい経った今、友達から聞いた情報なのですが、相手が平井堅さんの僕の心をつくってよという曲...,https://detail.chiebukuro.yahoo.co.jp/qa/question_detail/q10326682465,生き方と恋愛、人間関係の悩み,answers:3
10,chiebukuro,ここで会話終わるの普通ですか？,https://detail.chiebukuro.yahoo.co.jp/qa/question_detail/q13326682368,生き方と恋愛、人間関係の悩み,answers:3
10,chiebukuro,バングラデシュは面積はあまり広くはないとはいえ、かなり人口が多くなったのはなぜですか？（発展途上な面があるとはいえ、アフリカのほとんどの国と比べて）,https://detail.chiebukuro.yahoo.co.jp/qa/question_detail/q10326678660,海外,answers:3
10,chiebukuro,英語が好きだから留学。…といっても英語を学べる国は沢山あるし、アメリカだけでも州はいくつもある。 学校とか住む国はどう絞って決めてるものですか？ 先生からのオススメか、他に学びたいのがある？た...,https://detail.chiebukuro.yahoo.co.jp/qa/question_detail/q14326675539,海外,answers:4
10,chiebukuro,ダナン・ホイアンの蚊について教えてください。4月に4泊で予定しています。蚊に対する対策は必要でしょうか。虫除けスプレーは必要でしょうか。現地で買うことになりますか？あと服装はどうでしょうか。長袖？ 長,https://detail.chiebukuro.yahoo.co.jp/qa/question_detail/q11326666561,海外,answers:3
10,chiebukuro,よくアメリカとかは転職が活発であたりまえ～とか言われますが、外国は40代50代でも採用されるもんなんですか？ それとも若い人だけですか？ ほんとは書類で年齢見ただけで相手にもされない、とかあった...,https://detail.chiebukuro.yahoo.co.jp/qa/question_detail/q14326665914,海外,answers:6
10,chiebukuro,韓国は受験戦争も就職戦争も非常に激しいと聞きましたが、具体的にはどのようなものなのでしょうか？ 韓国のソウル大学などの大学のレベルや入試の難易度は、日本の東大や京大や慶応などと比べてどのていどな...,https://detail.chiebukuro.yahoo.co.jp/qa/question_detail/q11326662361,海外,answers:3
10,chiebukuro,ハワイ特にオアフ島の物価って、日本の3倍とかあるんでしょうか？ それプラスチップって事でしょうか？ よろしくお願いします。,https://detail.chiebukuro.yahoo.co.jp/qa/question_detail/q10326657190,海外,answers:6
10,chiebukuro,アメリカで往復約80マイルを毎日インターステート経由で通勤するのに、日本で言う1500CCクラスの自動車では少しパワー不足でしんどいでしょうか？ 日本でもあまり大きな車を運転したことが無くてサイ...,https://detail.chiebukuro.yahoo.co.jp/qa/question_detail/q12326656852,海外,answers:4
10,chiebukuro,中国語で 英語の let's は何といえばいいんでしょうか？,https://detail.chiebukuro.yahoo.co.jp/qa/question_detail/q12326656242,海外,answers:5
10,chiebukuro,ワーホリに行った場合その期間中の日本での保険などはどうなるのでしょうか？そしてエージェントは使った方がいいのでしょうか。 現在24歳ですがオーストラリアへワーホリ検討中です。色々調べてるのですが...,https://detail.chiebukuro.yahoo.co.jp/qa/question_detail/q12326653962,海外,answers:5
10,chiebukuro,海外生活している娘のことで相談です 娘は30代でEU圏で就職し暮らしています 時々体調を崩すこともあるみたいですが、なんとか自活できているようです ごくたまにしか連絡が来ません なので「便り...,https://detail.chiebukuro.yahoo.co.jp/qa/question_detail/q13326651558,海外,answers:6
10,chiebukuro,欧米人が持つ主な日本や日本人へのイメージは何でしょうか？,https://detail.chiebukuro.yahoo.co.jp/qa/question_detail/q14326646719,海外,answers:8
10,chiebukuro,アメリカの治安は悪いとよく言われますが実際どのくらい悪いのですか？ また，アメリカの平均的な治安の場所は 日本で言うとどこに当たりますか？（歌舞伎町や西成など）,https://detail.chiebukuro.yahoo.co.jp/qa/question_detail/q13326646458,海外,answers:3
10,chiebukuro,ベトナムやインドネシアの都市部では自動車が多くて渋滞が酷いです。道路整備がなぜ進まないのでしょうか。,https://detail.chiebukuro.yahoo.co.jp/qa/question_detail/q14326641939,海外,answers:5
10,chiebukuro,一緒にご飯を食べてから出かけよう、 を中国語検索したら、 我们出去之前先一起吃午饭吧 が出てきましたが、 之前先は、〜の前に、みたいな意味でしょうか？ピンインはどんな感じになるでしょうか？,https://detail.chiebukuro.yahoo.co.jp/qa/question_detail/q11326639871,海外,answers:3
10,chiebukuro,夫のお酒について 今までにも何回も揉めています 夜中の2時とかまで外で飲みます 飲み会とかではなく、駅前とかでふらっと一人で飲み屋に入るパターンです 家でも深夜に一人でお酒を飲んで2時3時。 子供,https://detail.chiebukuro.yahoo.co.jp/qa/question_detail/q12326681917,家族関係の悩み,answers:4
10,chiebukuro,高二女です。大学生の兄の女遊びが激しくて困っています。 この間、偶然兄のスマホを見てしまったのですが、LINEでおそらく今の彼女？から「付き合ってるのに6日も連絡を返してくれないなんてありえない...,https://detail.chiebukuro.yahoo.co.jp/qa/question_detail/q13326681613,家族関係の悩み,answers:4
10,chiebukuro,結婚したら深夜まで飲んだり朝帰りは良くない。この理由を説明できる人いますか。 なんとなく、とか皆がそう言うからではなく。 私も漠然とこう思ってたのですが結婚後も普通に飲みに行く夫を見てふとなぜダ...,https://detail.chiebukuro.yahoo.co.jp/qa/question_detail/q14326681514,家族関係の悩み,answers:3
10,chiebukuro,娘が犬に名をつけます 最もダメな(嫌な)名前はどれですか？ ①ヨーグルト ②はみ出しおしっこ犬 ③トルトリ,https://detail.chiebukuro.yahoo.co.jp/qa/question_detail/q13326681403,家族関係の悩み,answers:3
10,chiebukuro,甥っ子を引き取って育ててます。 我が家は旦那が仕事柄23時から24時に帰って来るのは当たり前なんです。 だから、夕食は甥っ子と2人なんです。 そうしたら、甥っ子が我が家の食卓事情を友達に話しした...,https://detail.chiebukuro.yahoo.co.jp/qa/question_detail/q10326681395,家族関係の悩み,answers:5
10,chiebukuro,私が義両親にされて嫌だったことを話したら 旦那が両親に言ってくれることになりました やっと解放される気持ちもあるけど… 結局旦那に我慢させてるし、申し訳ない気持ち 私じゃなかったらもっと上手く...,https://detail.chiebukuro.yahoo.co.jp/qa/question_detail/q11326680921,家族関係の悩み,answers:3
10,chiebukuro,至急 中2女子です コイン付けたかったので、改めて質問させて頂きます 付き合って2ヶ月の彼氏がいます (1度別れ、復縁しました。復縁前の期間を含めると6ヶ月ほど付き合っています。) 親には彼氏...,https://detail.chiebukuro.yahoo.co.jp/qa/question_detail/q13326680808,家族関係の悩み,answers:5
10,chiebukuro,今日中絶しました。 自分たちの軽はずみな行動で小さな命を奪ってしまったのはすごく後悔し反省しています。親にも言えていなく今後も言えるかどうかはわかりません。10週でエコーでは心臓も確認でき余計悲...,https://detail.chiebukuro.yahoo.co.jp/qa/question_detail/q12326680642,家族関係の悩み,answers:8
10,chiebukuro,旦那と離婚するべきか。 結婚して2年とちょっとです 元々はすごく仲もいいし、職場恋愛から結婚しましたが振り向いてもらう為に沢山努力してやっと好きになってもらえた人です。 2個上ですが、似たもの...,https://detail.chiebukuro.yahoo.co.jp/qa/question_detail/q13326680553,家族関係の悩み,answers:4
10,chiebukuro,親にお付き合いを反対されています。 28歳社会人の女です。私には1年半付き合っている外国人の5歳下の彼氏がいます。半年以上遠距離でしたが4月から日本で同棲することになっています。家族に来月から家...,https://detail.chiebukuro.yahoo.co.jp/qa/question_detail/q12326680547,家族関係の悩み,answers:5
0,chiebukuro,男性に質問したいです。 つい２日前、3個上で31歳の彼に振られました。 付き合って3週間足らずでした。 出会いはアプリで、1回目に会った時に彼から ラインの返信がこんなに遅い人は初めて見た、...,https://detail.chiebukuro.yahoo.co.jp/qa/question_detail/q12326682332,恋愛相談,answers:3
0,chiebukuro,寂しがりなひとは浮気しますか？,https://detail.chiebukuro.yahoo.co.jp/qa/question_detail/q12326681082,恋愛相談,answers:3
0,chiebukuro,男はマッチングアプリやLINEとかでも基本女性とのやり取りが終わったりしても、いちいちブロックまではしないですが、女性はちょっとしたことでマッチングアプリやLINEですぐブロックする人多いです...,https://detail.chiebukuro.yahoo.co.jp/qa/question_detail/q11326682451,生き方と恋愛、人間関係の悩み,answers:3
0,chiebukuro,大至急です 本日の11時から8時間バイトが入っています。しかし朝起きたところ喉に圧迫感があって若干体が怠い感じがします。これって行った方がいいんですかね、、。当日欠勤が良くないことは分かっていま...,https://detail.chiebukuro.yahoo.co.jp/qa/question_detail/q10326682370,生き方と恋愛、人間関係の悩み,answers:3
0,chiebukuro,人って結局自分より下の人間を見ないと自分が思っていた普通がとても幸せなことに気づけないですよね？,https://detail.chiebukuro.yahoo.co.jp/qa/question_detail/q14326682339,生き方と恋愛、人間関係の悩み,answers:5
0,chiebukuro,男性に質問したいです。 つい２日前、3個上で31歳の彼に振られました。 付き合って3週間足らずでした。 出会いはアプリで、1回目に会った時に彼から ラインの返信がこんなに遅い人は初めて見た、...,https://detail.chiebukuro.yahoo.co.jp/qa/question_detail/q12326682332,生き方と恋愛、人間関係の悩み,answers:3
0,chiebukuro,3度目の復縁って正直なんぱーだとおもう？,https://detail.chiebukuro.yahoo.co.jp/qa/question_detail/q13326682323,生き方と恋愛、人間関係の悩み,answers:3
0,chiebukuro,暇つぶしに何すればいいですか,https://detail.chiebukuro.yahoo.co.jp/qa/question_detail/q10326682295,生き方と恋愛、人間関係の悩み,answers:3
0,chiebukuro,至急です 高校一年生の女です バイト先の社員の方に ミスした時に 思っきりポニーテール叩かれたんですけど これって暴力に入りますか？ ちょっと痛かったです。,https://detail.chiebukuro.yahoo.co.jp/qa/question_detail/q11326682261,生き方と恋愛、人間関係の悩み,answers:4
0,chiebukuro,北欧では、優秀な人ほどニューヨークやロンドンなど国外へ移住する傾向があります。これは、ノルウェーやフィンランドのように人口規模が小さく田舎で、結局国内で得られる機会や刺激が限られているからでしょ...,https://detail.chiebukuro.yahoo.co.jp/qa/question_detail/q13326674308,海外,answers:3
0,chiebukuro,日本より外国の方が合ってる、生きやすい日本人も一定数いますよね?悪い意味でなく...,https://detail.chiebukuro.yahoo.co.jp/qa/question_detail/q12326665792,海外,answers:3
0,chiebukuro,速度固定だけの普通のクルーズコントロールと車間距離調整までやってくれるアダプティブクルーズコントロールだと、特に長距離を巡航する場合には便利さや疲労度が全然違いますか？,https://detail.chiebukuro.yahoo.co.jp/qa/question_detail/q12326661257,海外,answers:6
0,chiebukuro,イタリア国旗の緑がバジルだとしたら、フランス国旗の青は？,https://detail.chiebukuro.yahoo.co.jp/qa/question_detail/q12326661137,海外,answers:9
0,chiebukuro,ウクライナ難民の6-7割が定住希望 中には60代で生活保護申請した人もいて、死ぬまで日本人が払った税金で面倒見るのかとウンザリです 年収65万円の国から来て日本で生活させれば当然こうなるのに、...,https://detail.chiebukuro.yahoo.co.jp/qa/question_detail/q14326655544,海外,answers:6
0,chiebukuro,大至急です 本日の11時から8時間バイトが入っています。しかし朝起きたところ喉に圧迫感があって若干体が怠い感じがします。これって行った方がいいんですかね、、。当日欠勤が良くないことは分かっていま...,https://detail.chiebukuro.yahoo.co.jp/qa/question_detail/q10326682370,職場の悩み,answers:3
0,chiebukuro,至急です 高校一年生の女です バイト先の社員の方に ミスした時に 思っきりポニーテール叩かれたんですけど これって暴力に入りますか？ ちょっと痛かったです。,https://detail.chiebukuro.yahoo.co.jp/qa/question_detail/q11326682261,職場の悩み,answers:4
0,chiebukuro,高校を卒業して春から大学生になるものです。高校はバイトがNGだったのでしてきておらず大学に進学を機に一週間ほど前から初めてのバイトを居酒屋で始めました。 ですが仕事覚えが悪かったり、手際があまり...,https://detail.chiebukuro.yahoo.co.jp/qa/question_detail/q10326681440,職場の悩み,answers:3
0,chiebukuro,至急お願いします。バイトで、未成年に酒を売ってしまったかもしれません。まだバイトして日が浅く、レジで手一杯であまり客の容姿を見ずに年確をせずボタンを押してしまいました。 今考えてみると明らかに未...,https://detail.chiebukuro.yahoo.co.jp/qa/question_detail/q11326681336,職場の悩み,answers:3
0,chiebukuro,捕まらない犯罪といえば何がありますか？ よく考えれば捕まっていない犯罪ってたくさんあるような気がしました。いじめ、悪口、ポイ捨て、通り魔、キセル乗車、稀に捕まることはあるにせよ、時と場所と場合に...,https://detail.chiebukuro.yahoo.co.jp/qa/question_detail/q14326680729,家族関係の悩み,answers:3
0,chiebukuro,うつ病の姉にイラつく 私は大学2年で姉は２つ上です。姉がうつ病やら双極性障害やらの診断をもらったのが3年ほど前。それからは病院に通っており、本人の希望で入院していた時期もあります。 しかし、私...,https://detail.chiebukuro.yahoo.co.jp/qa/question_detail/q12326680707,家族関係の悩み,answers:4
0,chiebukuro,父が家に帰ってきません。昨日、一昨日、と金銭面のことで父とギクシャクしていました。そのせいなのか、この時間になっても帰ってきません。母は飲み会なんじゃない？ と言って数時間前に寝ているのでまだ帰...,https://detail.chiebukuro.yahoo.co.jp/qa/question_detail/q11326680631,家族関係の悩み,answers:3
